Site Tenancy Classification,Parameter,Escalation_cap,Escalation_floor,Escalation_multiplier
101 Rural Site Multi Tenant,TZ CPI,10.0,0.0,100.0
101 Rural Site Single Tenant,TZ CPI,10.0,0.0,100.0
101 Rural Site SMA Multi Tenant,TZ CPI,10.0,0.0,100.0
101 Rural Site SMA Single Tenant,TZ CPI,10.0,0.0,100.0
Acquired Multi Tenant Grid,US CPI,10.0,0.0,100.0
Acquired Multi Tenant Off Grid,US CPI,10.0,0.0,100.0
Acquired Single Tenant Grid,US CPI,10.0,0.0,100.0
Acquired Single Tenant Off Grid,US CPI,10.0,0.0,100.0
APA,TZ CPI,10.0,5.0,100.0
B2S Grid,US CPI,10.0,0.0,100.0
B2S Multi Tenant,TZ CPI,10.0,5.0,100.0
B2S Off Grid,US CPI,10.0,0.0,100.0
B2S Single Tenant,TZ CPI,10.0,5.0,100.0
Colocation,TZ CPI,10.0,5.0,100.0
Colocation 4334,TZ CPI,10.0,5.0,100.0
Consolidation,TZ CPI,10.0,5.0,100.0
Consolidation Grid,US CPI,10.0,0.0,100.0
Consolidation Off Grid,US CPI,10.0,0.0,100.0
Consolidation Reduced Grid,US CPI,10.0,0.0,100.0
Consolidation Reduced Off Grid,US CPI,10.0,0.0,100.0
EB2S Multi Tenant,TZ CPI,10.0,5.0,100.0
EB2S Single Tenant,TZ CPI,10.0,5.0,100.0
IBS Colo Tier 1,TZ CPI,10.0,5.0,100.0
IBS Colo Tier 2,TZ CPI,10.0,5.0,100.0
IBS Colo Tier 3 ARU119,TZ CPI,10.0,5.0,100.0
IBS Colo Tier 3 ARU173,TZ CPI,10.0,5.0,100.0
IBS Colo Tier 3 ARU175,TZ CPI,10.0,5.0,100.0
IBS Colo Tier 3 ARU177,TZ CPI,10.0,5.0,100.0
IBS Colo Tier 3 ARU179,TZ CPI,10.0,5.0,100.0
IBS Colo Tier 3 DAR288,TZ CPI,10.0,5.0,100.0
IBS Colo Tier 3 DAR908,TZ CPI,10.0,5.0,100.0
IBS Colo Tier 3 DAR915,TZ CPI,10.0,5.0,100.0
IBS Colo Tier 3 DAR920,TZ CPI,10.0,5.0,100.0
IBS Colo Tier 3 DAR928,TZ CPI,10.0,5.0,100.0
IBS Colo Tier 3 DAR930,TZ CPI,10.0,5.0,100.0
IBS Colo Tier 3 DAR932,TZ CPI,10.0,5.0,100.0
IBS Colo Tier 3 DAR933,TZ CPI,10.0,5.0,100.0
IBS Colo Tier 3 DAR935,TZ CPI,10.0,5.0,100.0
IBS Colo Tier 3 DAR940,TZ CPI,10.0,5.0,100.0
IBS Colo Tier 3 DAR948,TZ CPI,10.0,5.0,100.0
IBS Colo Tier 3 DAR954,TZ CPI,10.0,5.0,100.0
IBS Colo Tier 3 DAR955,TZ CPI,10.0,5.0,100.0
IBS Colo Tier 3 DAR974,TZ CPI,10.0,5.0,100.0
IBS Colo Tier 3 DAR978,TZ CPI,10.0,5.0,100.0
IBS Colo Tier 3 DAR988,TZ CPI,10.0,5.0,100.0
IBS Colo Tier 3 DAR991,TZ CPI,10.0,5.0,100.0
IBS Colo Tier 3 DAR992,TZ CPI,10.0,5.0,100.0
IBS Colo Tier 3 MSH585,TZ CPI,10.0,5.0,100.0
IBS Colo Tier 3 MWZ144,TZ CPI,10.0,5.0,100.0
IBS Colo Tier 3 MWZ145,TZ CPI,10.0,5.0,100.0
IBS Colo Tier 3 MWZ296,TZ CPI,10.0,5.0,100.0
IBS Tier 1 Multi Tenant,TZ CPI,10.0,5.0,100.0
IBS Tier 1 Single Tenant,TZ CPI,10.0,5.0,100.0
IBS Tier 2 Multi Tenant,TZ CPI,10.0,5.0,100.0
IBS Tier 2 Single Tenant,TZ CPI,10.0,5.0,100.0
IBS Tier 3 2-Tenant 1336,TZ CPI,10.0,5.0,100.0
IBS Tier 3 2-Tenant 1338,TZ CPI,10.0,5.0,100.0
IBS Tier 3 2-Tenant 1997,TZ CPI,10.0,5.0,100.0
IBS Tier 3 2-Tenant DAR952,TZ CPI,10.0,5.0,100.0
IBS Tier 3 3+-Tenant 1336,TZ CPI,10.0,5.0,100.0
IBS Tier 3 3+-Tenant 1338,TZ CPI,10.0,5.0,100.0
IBS Tier 3 3+-Tenant DAR952,TZ CPI,10.0,5.0,100.0
IBS Tier 3 Multi Tenant 1997,TZ CPI,10.0,5.0,100.0
IBS Tier 3 Single Tenant 1336,TZ CPI,10.0,5.0,100.0
IBS Tier 3 Single Tenant 1338,TZ CPI,10.0,5.0,100.0
IBS Tier 3 Single Tenant 1997,TZ CPI,10.0,5.0,100.0
IBS Tier 3 Single Tenant DAR952,TZ CPI,10.0,5.0,100.0
Managed 2-Tenant Grid,US CPI,2.0,0.0,100.0
Managed 2-Tenant Off Grid,US CPI,2.0,0.0,100.0
Managed 3+-Tenant Grid,US CPI,2.0,0.0,100.0
Managed 3+-Tenant Off Grid,US CPI,2.0,0.0,100.0
Managed Single Tenant Grid,US CPI,2.0,0.0,100.0
Managed Single Tenant Off Grid,US CPI,2.0,0.0,100.0
Medium Grid,US CPI,10.0,0.0,100.0
Medium Off Grid,US CPI,10.0,0.0,100.0
Network Sharing Fee,TZ CPI,10.0,5.0,100.0
Non-Shareable 1938,TZ CPI,5.0,5.0,100.0
Non-Shareable 1940,TZ CPI,5.0,5.0,100.0
Non-Shareable 1942,TZ CPI,5.0,5.0,100.0
Non-Shareable 2297,TZ CPI,5.0,5.0,100.0
Non-Shareable 2299,TZ CPI,5.0,5.0,100.0
Non-Shareable 2302,TZ CPI,5.0,5.0,100.0
Non-Shareable 3450,TZ CPI,5.0,5.0,100.0
Non-Shareable 3454,TZ CPI,10.0,5.0,100.0
Non-Shareable 3462,TZ CPI,10.0,5.0,100.0
Non-Shareable 3464,TZ CPI,10.0,5.0,100.0
Non-Shareable 3468,TZ CPI,10.0,5.0,100.0
Non-Shareable 3472,TZ CPI,10.0,5.0,100.0
Non-Shareable 3474,TZ CPI,10.0,5.0,100.0
Non-Shareable 3476,TZ CPI,10.0,5.0,100.0
Non-Shareable 3483,TZ CPI,5.0,5.0,100.0
Non-Shareable 3486,TZ CPI,5.0,5.0,100.0
Non-Shareable 3489,TZ CPI,5.0,5.0,100.0
Non-Shareable 3490,TZ CPI,5.0,5.0,100.0
Non-Shareable 3494,TZ CPI,5.0,5.0,100.0
Non-Shareable 3496,TZ CPI,5.0,5.0,100.0
Non-Shareable 3497,TZ CPI,5.0,5.0,100.0
Non-Shareable 3499,TZ CPI,5.0,5.0,100.0
Non-Shareable 4830,TZ CPI,5.0,5.0,100.0
Non-Shareable 4831,TZ CPI,5.0,5.0,100.0
Non-Shareable 4832,TZ CPI,5.0,5.0,100.0
Non-Shareable 4833,TZ CPI,5.0,5.0,100.0
Non-Shareable 4834,TZ CPI,5.0,5.0,100.0
Non-Shareable 4835,TZ CPI,5.0,5.0,100.0
Non-Shareable 4836,TZ CPI,5.0,5.0,100.0
Non-Shareable 4838,TZ CPI,5.0,5.0,100.0
Non-Shareable 4846,TZ CPI,5.0,5.0,100.0
Non-Shareable 4849,TZ CPI,5.0,5.0,100.0
Non-Shareable 4855,TZ CPI,10.0,5.0,100.0
Non-Shareable 4858,TZ CPI,10.0,5.0,100.0
Non-Shareable 4865,TZ CPI,10.0,5.0,100.0
Non-Shareable 4872,TZ CPI,10.0,5.0,100.0
Non-Shareable 4877,TZ CPI,10.0,5.0,100.0
Non-Shareable 4880,TZ CPI,10.0,5.0,100.0
Non-Shareable 4882,TZ CPI,10.0,5.0,100.0
Non-Shareable 4887,TZ CPI,10.0,5.0,100.0
Non-Shareable 4889,TZ CPI,10.0,5.0,100.0
Non-Shareable 4894,TZ CPI,10.0,5.0,100.0
Non-Shareable 4896,TZ CPI,10.0,5.0,100.0
Non-Shareable 4903,TZ CPI,5.0,5.0,100.0
Non-Shareable 4907,TZ CPI,5.0,5.0,100.0
Non-Shareable 4914,TZ CPI,5.0,5.0,100.0
Non-Shareable 4925,TZ CPI,5.0,5.0,100.0
Non-Shareable 4926,TZ CPI,5.0,5.0,100.0
Non-Shareable 4927,TZ CPI,5.0,5.0,100.0
Non-Shareable 4934,TZ CPI,5.0,5.0,100.0
Non-Shareable 4937,TZ CPI,5.0,5.0,100.0
Non-Shareable 4945,TZ CPI,5.0,5.0,100.0
Non-Shareable 4949,TZ CPI,5.0,5.0,100.0
Non-Shareable 4952,TZ CPI,5.0,5.0,100.0
Non-Shareable 4954,TZ CPI,5.0,5.0,100.0
Non-Shareable 4955,TZ CPI,5.0,5.0,100.0
Non-Shareable 4963,TZ CPI,5.0,5.0,100.0
Non-Shareable 4964,TZ CPI,5.0,5.0,100.0
Non-Shareable 4968,TZ CPI,5.0,5.0,100.0
Non-Shareable 4970,TZ CPI,5.0,5.0,100.0
Non-Shareable 5242,TZ CPI,5.0,5.0,100.0
Non-Shareable 5243,TZ CPI,5.0,5.0,100.0
Non-Shareable 5250,TZ CPI,5.0,5.0,100.0
Non-Shareable 5251,TZ CPI,5.0,5.0,100.0
Non-Shareable 5253,TZ CPI,5.0,5.0,100.0
Non-Shareable 5256,TZ CPI,5.0,5.0,100.0
Non-Shareable 5261,TZ CPI,5.0,5.0,100.0
Non-Shareable 5262,TZ CPI,5.0,5.0,100.0
Non-Shareable 5264,TZ CPI,5.0,5.0,100.0
Non-Shareable 5265,TZ CPI,5.0,5.0,100.0
Non-Shareable 5267,TZ CPI,5.0,5.0,100.0
Non-Shareable 5268,TZ CPI,5.0,5.0,100.0
Non-Shareable 5269,TZ CPI,5.0,5.0,100.0
Non-Shareable 5274,TZ CPI,10.0,5.0,100.0
Non-Shareable 5275,TZ CPI,10.0,5.0,100.0
Non-Shareable 5280,TZ CPI,5.0,5.0,100.0
Non-Shareable 5284,TZ CPI,5.0,5.0,100.0
Non-Shareable 5501,TZ CPI,5.0,5.0,100.0
Non-Shareable 5503,TZ CPI,5.0,5.0,100.0
Non-Shareable 5508,TZ CPI,10.0,5.0,100.0
Non-Shareable 5513,TZ CPI,5.0,5.0,100.0
Non-Shareable 5514,TZ CPI,5.0,5.0,100.0
Non-Shareable 5515,TZ CPI,5.0,5.0,100.0
Non-Shareable 5518,TZ CPI,5.0,5.0,100.0
Non-Shareable 5534,TZ CPI,5.0,5.0,100.0
Non-Shareable 5535,TZ CPI,5.0,5.0,100.0
Non-Shareable 5536,TZ CPI,5.0,5.0,100.0
Non-Shareable 5538,TZ CPI,5.0,5.0,100.0
Non-Shareable 5539,TZ CPI,5.0,5.0,100.0
Non-Shareable 5541,TZ CPI,5.0,5.0,100.0
Non-Shareable 5542,TZ CPI,5.0,5.0,100.0
Non-Shareable 5543,TZ CPI,5.0,5.0,100.0
Non-Shareable 5549,TZ CPI,5.0,5.0,100.0
Non-Shareable 5551,TZ CPI,5.0,5.0,100.0
Non-Shareable 5557,TZ CPI,5.0,5.0,100.0
Non-Shareable 5563,TZ CPI,5.0,5.0,100.0
Non-Shareable 5565,TZ CPI,5.0,5.0,100.0
Non-Shareable 5566,TZ CPI,10.0,5.0,100.0
Non-Shareable 5815,TZ CPI,5.0,5.0,100.0
Non-Shareable 6118,TZ CPI,10.0,5.0,100.0
Non-Shareable 6119,TZ CPI,10.0,5.0,100.0
Non-Shareable 6126,TZ CPI,10.0,5.0,100.0
Non-Shareable 6159,TZ CPI,10.0,5.0,100.0
Non-Shareable 6160,TZ CPI,10.0,5.0,100.0
Non-Shareable 6161,TZ CPI,10.0,5.0,100.0
Non-Shareable 6164,TZ CPI,10.0,5.0,100.0
Non-Shareable 6239,TZ CPI,5.0,5.0,100.0
Non-Shareable 6261,TZ CPI,10.0,5.0,100.0
Non-Shareable 6272,TZ CPI,10.0,5.0,100.0
Non-Shareable 6300,TZ CPI,10.0,5.0,100.0
Non-Shareable 6301,TZ CPI,10.0,5.0,100.0
Non-Shareable 6333,TZ CPI,10.0,5.0,100.0
Non-Shareable 6334,TZ CPI,10.0,5.0,100.0
Non-Shareable 6343,TZ CPI,10.0,5.0,100.0
Non-Shareable 6364,TZ CPI,10.0,5.0,100.0
Non-Shareable 6374,TZ CPI,10.0,5.0,100.0
Non-Shareable 6381,TZ CPI,10.0,5.0,100.0
Non-Shareable 6392,TZ CPI,10.0,5.0,100.0
Non-Shareable 6396,TZ CPI,10.0,5.0,100.0
Non-Shareable 6421,TZ CPI,10.0,5.0,100.0
Non-Shareable 6449,TZ CPI,10.0,5.0,100.0
Non-Shareable 6509,TZ CPI,10.0,5.0,100.0
Non-Shareable 6554,TZ CPI,10.0,5.0,100.0
Non-Shareable Multi Tenant,TZ CPI,10.0,5.0,100.0
Non-Shareable Single Tenant DAR006,TZ CPI,10.5,4.5,100.0
Non-Shareable Single Tenant DAR078,TZ CPI,10.5,4.5,100.0
Non-Shareable Single Tenant DAR178,TZ CPI,10.5,4.5,100.0
Non-Shareable Single Tenant DAR360,TZ CPI,10.5,4.5,100.0
Non-Shareable Single Tenant DAR396,TZ CPI,10.5,4.5,100.0
Non-Shareable Single Tenant DAR414,TZ CPI,10.5,4.5,100.0
Non-Shareable Single Tenant DAR465,TZ CPI,10.5,4.5,100.0
Non-Shareable Single Tenant DAR537,TZ CPI,10.5,4.5,100.0
Non-Shareable Single Tenant DAR702,TZ CPI,10.5,4.5,100.0
Non-Shareable Single Tenant KIG594,TZ CPI,10.5,4.5,100.0
Non-Shareable Single Tenant LND273,TZ CPI,10.5,4.5,100.0
Non-Shareable Single Tenant LND399,TZ CPI,10.5,4.5,100.0
Non-Shareable Single Tenant MTR699,TZ CPI,10.5,4.5,100.0
Non-Shareable Single Tenant MWZ207,TZ CPI,10.5,4.5,100.0
Rural Multi Tenant,TZ CPI,10.0,5.0,100.0
Rural Single Tenant,TZ CPI,10.0,5.0,100.0
SMA,TZ CPI,10.0,5.0,100.0
SPA,TZ CPI,10.0,5.0,100.0
Standard B2S TZDO6780,TZ CPI,10.0,5.0,100.0
Standard Grid,US CPI,10.0,0.0,100.0
Standard Off Grid,US CPI,10.0,0.0,100.0
UCAF Multi Tenant,TZ CPI,10.0,5.0,100.0
UCAF Single Tenant,TZ CPI,10.0,5.0,100.0
